Order ID,Order Date,Customer ID,Product ID,Quantity,Customer Name,Email,Country,Coffee Type,Roast Type,Size,Unit Price,Sales
QEV-37451-860,05-09-19,17670-51384-MA,R-M-1,2,,,,,,,,
QEV-37451-860,05-09-19,17670-51384-MA,E-M-0.5,5,,,,,,,,
FAA-43335-268,17-06-21,21125-22134-PX,A-L-1,1,,,,,,,,
KAC-83089-793,15-07-21,23806-46781-OU,E-M-1,2,,,,,,,,
KAC-83089-793,15-07-21,23806-46781-OU,R-L-2.5,2,,,,,,,,
CVP-18956-553,04-08-21,86561-91660-RB,L-D-1,3,,,,,,,,
IPP-31994-879,21-01-22,65223-29612-CB,E-D-0.5,3,,,,,,,,
SNZ-65340-705,20-05-22,21134-81676-FR,L-L-0.2,1,,,,,,,,
EZT-46571-659,02-01-19,03396-68805-ZC,R-M-0.5,3,,,,,,,,
NWQ-70061-912,05-09-19,61021-27840-ZN,R-M-0.5,1,,,,,,,,
BKK-47233-845,08-03-21,76239-90137-UQ,A-D-1,4,,,,,,,,
VQR-01002-970,28-10-20,49315-21985-BB,E-L-2.5,5,,,,,,,,
SZW-48378-399,02-07-22,34136-36674-OM,R-M-1,5,,,,,,,,
ITA-87418-783,22-05-20,39396-12890-PE,R-D-2.5,2,,,,,,,,
GNZ-46006-527,05-04-22,95875-73336-RG,L-D-0.2,3,,,,,,,,
FYQ-78248-319,07-06-22,25473-43727-BY,R-M-2.5,5,,,,,,,,
VAU-44387-624,20-03-19,99643-51048-IQ,A-M-0.2,6,,,,,,,,
RDW-33155-159,19-10-19,62173-15287-CU,A-L-1,6,,,,,,,,
TDZ-59011-211,13-06-19,57611-05522-ST,R-D-2.5,4,,,,,,,,
IDU-25793-399,04-12-20,76664-37050-DT,A-M-0.2,5,,,,,,,,
IDU-25793-399,04-12-20,76664-37050-DT,E-D-0.2,4,,,,,,,,
NUO-20013-488,04-12-20,03090-88267-BQ,A-D-0.2,6,,,,,,,,
UQU-65630-479,22-01-21,37651-47492-NC,R-M-2.5,4,,,,,,,,
FEO-11834-332,11-02-22,95399-57205-HI,A-D-0.2,4,,,,,,,,
TKY-71558-096,15-09-21,24010-66714-HW,A-M-1,1,,,,,,,,
OXY-65322-253,24-10-20,07591-92789-UA,E-M-0.2,3,,,,,,,,
EVP-43500-491,20-02-19,49231-44455-IC,A-M-0.5,4,,,,,,,,
WAG-26945-689,08-10-19,50124-88608-EO,A-M-0.2,5,,,,,,,,
CHE-78995-767,02-08-22,00888-74814-UZ,A-D-0.5,3,,,,,,,,
RYZ-14633-602,20-02-19,14158-30713-OB,A-D-1,4,,,,,,,,
WOQ-36015-429,25-09-21,51427-89175-QJ,L-M-0.2,5,,,,,,,,
WOQ-36015-429,25-09-21,51427-89175-QJ,A-D-0.5,6,,,,,,,,
WOQ-36015-429,25-09-21,51427-89175-QJ,L-M-0.5,6,,,,,,,,
SCT-60553-454,17-07-21,39123-12846-YJ,L-L-0.2,5,,,,,,,,
GFK-52063-244,29-06-20,44981-99666-XB,L-L-0.5,6,,,,,,,,
AMM-79521-378,01-06-21,24825-51803-CQ,A-D-0.5,6,,,,,,,,
QUQ-90580-772,06-02-21,77634-13918-GJ,L-M-0.2,2,,,,,,,,
LGD-24408-274,25-04-19,13694-25001-LX,L-L-0.5,3,,,,,,,,
HCT-95608-959,25-04-20,08523-01791-TI,R-M-2.5,5,,,,,,,,
OFX-99147-470,24-11-21,49860-68865-AB,R-M-1,6,,,,,,,,
LUO-37559-016,19-04-21,21240-83132-SP,L-M-1,3,,,,,,,,
XWC-20610-167,07-07-22,08350-81623-TF,E-D-0.2,2,,,,,,,,
GPU-79113-136,22-05-19,73284-01385-SJ,R-D-0.2,3,,,,,,,,
ULR-52653-960,04-10-21,04152-34436-IE,L-L-2.5,2,,,,,,,,
HPI-42308-142,11-04-20,06631-86965-XP,E-M-0.5,2,,,,,,,,
XHI-30227-581,31-01-22,54619-08558-ZU,L-D-2.5,6,,,,,,,,
DJH-05202-380,07-11-19,85589-17020-CX,E-M-2.5,2,,,,,,,,
VMW-26889-781,28-06-19,36078-91009-WU,A-L-0.2,2,,,,,,,,
DBU-81099-586,11-09-20,15770-27099-GX,A-D-2.5,4,,,,,,,,
PQA-54820-810,17-08-22,91460-04823-BX,A-L-1,3,,,,,,,,
XKB-41924-202,19-08-22,45089-52817-WN,L-D-0.5,2,,,,,,,,
DWZ-69106-473,15-05-19,76447-50326-IC,L-L-2.5,4,,,,,,,,
YHV-68700-050,11-09-19,26333-67911-OL,R-M-0.5,5,,,,,,,,
YHV-68700-050,11-09-19,26333-67911-OL,L-L-2.5,2,,,,,,,,
KRB-88066-642,16-03-21,22107-86640-SB,L-M-1,5,,,,,,,,
LQU-08404-173,03-12-20,09960-34242-LZ,L-L-1,3,,,,,,,,
CWK-60159-881,27-01-20,04671-85591-RT,E-D-0.2,3,,,,,,,,
EEG-74197-843,17-07-22,25729-68859-UA,E-L-1,4,,,,,,,,
UCZ-59708-525,04-03-22,05501-86351-NX,L-D-2.5,3,,,,,,,,
HUB-47311-849,07-12-21,04521-04300-OK,L-M-0.5,3,,,,,,,,
WYM-17686-694,25-02-21,58689-55264-VK,A-D-2.5,5,,,,,,,,
ZYQ-15797-695,25-02-19,79436-73011-MM,R-D-0.5,5,,,,,,,,
EEJ-16185-108,09-02-19,65552-60476-KY,L-L-0.2,5,,,,,,,,
RWR-77888-800,07-02-20,69904-02729-YS,A-M-0.5,1,,,,,,,,
LHN-75209-742,23-03-20,01433-04270-AX,R-M-0.5,6,,,,,,,,
TIR-71396-998,06-03-22,14204-14186-LA,R-D-2.5,4,,,,,,,,
RXF-37618-213,15-04-22,32948-34398-HC,R-L-0.5,1,,,,,,,,
ANM-16388-634,19-11-21,77343-52608-FF,L-L-0.2,2,,,,,,,,
WYL-29300-070,16-10-19,42770-36274-QA,R-M-0.2,1,,,,,,,,
JHW-74554-805,26-11-19,14103-58987-ZU,R-M-1,6,,,,,,,,
KYS-27063-603,30-06-19,69958-32065-SW,E-L-2.5,4,,,,,,,,
GAZ-58626-277,04-01-21,69533-84907-FA,L-L-0.2,2,,,,,,,,
RPJ-37787-335,27-10-20,76005-95461-CI,A-M-2.5,3,,,,,,,,
LEF-83057-763,15-06-21,15395-90855-VB,L-M-0.2,5,,,,,,,,
RPW-36123-215,19-07-21,80640-45811-LB,E-L-0.5,2,,,,,,,,
WLL-59044-117,23-07-21,28476-04082-GR,R-D-1,6,,,,,,,,
AWT-22827-563,25-01-20,12018-75670-EU,R-L-0.2,1,,,,,,,,
QLM-07145-668,09-05-19,86437-17399-FK,E-D-0.2,2,,,,,,,,
HVQ-64398-930,30-03-20,62979-53167-ML,A-M-0.5,6,,,,,,,,
WRT-40778-247,13-03-22,54810-81899-HL,R-L-1,4,,,,,,,,
SUB-13006-125,17-04-19,26103-41504-IB,A-L-0.5,5,,,,,,,,
CQM-49696-263,25-10-19,76534-45229-SG,L-L-2.5,3,,,,,,,,
KXN-85094-246,13-09-19,81744-27332-RR,L-M-2.5,3,,,,,,,,
XOQ-12405-419,12-04-20,91513-75657-PH,R-D-2.5,4,,,,,,,,
HYF-10254-369,14-11-19,30373-66619-CB,L-L-0.5,1,,,,,,,,
XXJ-47000-307,18-07-19,31582-23562-FM,A-L-2.5,3,,,,,,,,
XXJ-47000-307,18-07-19,31582-23562-FM,A-D-0.2,4,,,,,,,,
ZDK-82166-357,03-04-21,81431-12577-VD,A-M-1,3,,,,,,,,
IHN-19982-362,29-03-21,68894-91205-MP,R-L-1,3,,,,,,,,
VMT-10030-889,15-12-21,87602-55754-VN,A-L-1,6,,,,,,,,
NHL-11063-100,20-05-20,39181-35745-WH,A-L-1,4,,,,,,,,
ROV-87448-086,02-11-20,30381-64762-NG,A-M-2.5,4,,,,,,,,
DGY-35773-612,25-07-20,17503-27693-ZH,E-L-1,3,,,,,,,,
YWH-50638-556,14-03-19,89442-35633-HJ,E-L-0.5,4,,,,,,,,
ISL-11200-600,02-07-20,13654-85265-IL,A-D-0.2,6,,,,,,,,
LBZ-75997-047,17-12-19,40946-22090-FP,A-M-2.5,6,,,,,,,,
EUH-08089-954,06-12-20,29050-93691-TS,A-D-0.2,2,,,,,,,,
BLD-12227-251,04-03-21,64395-74865-WF,A-M-0.5,2,,,,,,,,
OPY-30711-853,17-07-21,81861-66046-SU,A-D-0.2,1,,,,,,,,
DBC-44122-300,04-11-20,13366-78506-KP,L-M-0.2,3,,,,,,,,
FJQ-60035-234,05-04-21,08847-29858-HN,A-L-0.2,2,,,,,,,,
HSF-66926-425,01-03-20,00539-42510-RY,L-D-2.5,5,,,,,,,,
LQG-41416-375,19-10-21,45190-08727-NV,L-D-1,3,,,,,,,,
VZO-97265-841,08-07-22,87049-37901-FU,R-M-0.2,4,,,,,,,,
MOR-12987-399,17-08-19,34015-31593-JC,L-M-1,6,,,,,,,,
UOA-23786-489,31-05-20,90305-50099-SV,A-M-0.5,6,,,,,,,,
AJL-52941-018,05-05-20,55871-61935-MF,E-D-1,2,,,,,,,,
XSZ-84273-421,14-04-19,15405-60469-TM,R-M-0.5,3,,,,,,,,
NUN-48214-216,29-07-20,06953-94794-FB,A-M-0.5,4,,,,,,,,
AKV-93064-769,12-12-19,22305-40299-CY,L-D-0.5,1,,,,,,,,
BRB-40903-533,15-06-22,09020-56774-GU,E-L-0.2,3,,,,,,,,
GPR-19973-483,26-06-19,92926-08470-YS,R-D-0.5,5,,,,,,,,
XIY-43041-882,12-10-21,07250-63194-JO,A-M-1,1,,,,,,,,
YGY-98425-969,01-04-19,63787-96257-TQ,L-M-1,1,,,,,,,,
MSB-08397-648,10-03-21,49530-25460-RW,R-L-0.2,4,,,,,,,,
WDR-06028-345,16-08-19,66508-21373-OQ,L-L-1,1,,,,,,,,
MXM-42948-061,11-08-20,20203-03950-FY,L-L-0.2,4,,,,,,,,
MGQ-98961-173,05-04-22,83895-90735-XH,L-L-0.5,4,,,,,,,,
RFH-64349-897,22-10-19,61954-61462-RJ,E-D-0.5,3,,,,,,,,
TKL-20738-660,02-10-21,47939-53158-LS,E-M-0.2,1,,,,,,,,
TKL-20738-660,02-10-21,47939-53158-LS,A-L-0.2,1,,,,,,,,
TKL-20738-660,02-10-21,47939-53158-LS,E-M-1,5,,,,,,,,
GOW-03198-575,13-03-21,61513-27752-FA,A-D-0.5,4,,,,,,,,
QJB-90477-635,12-06-22,89714-19856-WX,L-L-2.5,4,,,,,,,,
MWP-46239-785,27-04-19,87979-56781-YV,L-M-0.2,5,,,,,,,,
QDV-03406-248,23-05-19,74126-88836-KA,L-M-0.5,3,,,,,,,,
GPH-40635-105,14-07-20,37397-05992-VO,A-M-1,1,,,,,,,,
JOM-80930-071,10-11-21,54904-18397-UD,L-D-1,6,,,,,,,,
OIL-26493-755,31-08-21,19017-95853-EK,A-M-0.5,1,,,,,,,,
CYV-13426-645,06-07-19,88593-59934-VU,E-D-1,1,,,,,,,,
WRP-39846-614,04-03-22,47493-68564-YM,A-L-2.5,5,,,,,,,,
VDZ-76673-968,31-12-20,82246-82543-DW,E-D-0.5,2,,,,,,,,
VTV-03546-175,31-07-20,03384-62101-IY,A-L-2.5,5,,,,,,,,
GHR-72274-715,24-05-21,86881-41559-OR,L-D-1,1,,,,,,,,
ZGK-97262-313,16-07-22,02536-18494-AQ,E-M-2.5,3,,,,,,,,
ZFS-30776-804,05-02-21,58638-01029-CB,A-L-0.5,5,,,,,,,,
QUU-91729-492,29-07-21,90312-11148-LA,A-D-0.2,4,,,,,,,,
PVI-72795-960,17-03-22,68239-74809-TF,E-L-2.5,3,,,,,,,,
PPP-78935-365,11-02-21,91074-60023-IP,E-D-1,4,,,,,,,,
JUO-34131-517,13-02-19,07972-83748-JI,L-D-1,6,,,,,,,,
ZJE-89333-489,13-05-22,08694-57330-XR,L-D-2.5,1,,,,,,,,
LOO-35324-159,19-05-20,68412-11126-YJ,A-L-0.2,4,,,,,,,,
JBQ-93412-846,27-04-22,69037-66822-DW,E-L-2.5,4,,,,,,,,
EHX-66333-637,09-09-20,01297-94364-XH,L-M-0.5,2,,,,,,,,
WXG-25759-236,10-03-21,39919-06540-ZI,E-L-2.5,2,,,,,,,,
QNA-31113-984,07-04-19,60512-78550-WS,L-M-0.2,4,,,,,,,,
ZWI-52029-159,12-07-20,40172-12000-AU,L-M-1,3,,,,,,,,
ZWI-52029-159,12-07-20,40172-12000-AU,E-M-1,2,,,,,,,,
DFS-49954-707,21-12-21,39019-13649-CL,E-D-0.2,5,,,,,,,,
VYP-89830-878,04-10-20,12715-05198-QU,A-M-2.5,2,,,,,,,,
AMT-40418-362,08-08-20,04513-76520-QO,L-D-1,1,,,,,,,,
NFQ-23241-793,11-10-20,88446-59251-SQ,A-M-1,3,,,,,,,,
JQK-64922-985,10-11-21,23779-10274-KN,R-M-2.5,3,,,,,,,,
YET-17732-678,20-06-21,57235-92842-DK,R-D-0.2,1,,,,,,,,
NKW-24945-846,04-10-21,75977-30364-AY,A-D-2.5,5,,,,,,,,
VKA-82720-513,24-06-19,12299-30914-NG,A-M-2.5,6,,,,,,,,
THA-60599-417,26-10-19,59971-35626-YJ,A-M-2.5,3,,,,,,,,
MEK-39769-035,27-06-21,15380-76513-PS,R-D-2.5,3,,,,,,,,
JAF-18294-750,06-09-19,73564-98204-EY,R-D-2.5,6,,,,,,,,
TME-59627-221,30-04-21,72282-40594-RX,L-L-2.5,6,,,,,,,,
UDG-65353-824,07-01-20,17514-94165-RJ,E-M-0.5,4,,,,,,,,
ENQ-42923-176,11-01-21,56248-75861-JX,A-L-0.5,3,,,,,,,,
CBT-55781-720,15-11-21,97855-54761-IS,E-D-0.5,3,,,,,,,,
NEU-86533-016,03-06-19,96544-91644-IT,R-D-0.2,6,,,,,,,,
BYU-58154-603,17-12-20,51971-70393-QM,E-D-0.5,4,,,,,,,,
EHJ-05910-257,07-02-21,06812-11924-IK,R-D-1,6,,,,,,,,
EIL-44855-309,15-03-21,59741-90220-OW,R-D-0.5,5,,,,,,,,
HCA-87224-420,04-08-22,62682-27930-PD,E-M-0.5,5,,,,,,,,
ABO-29054-365,19-01-19,00256-19905-YG,A-M-0.5,6,,,,,,,,
TKN-58485-031,23-03-22,38890-22576-UI,R-D-1,2,,,,,,,,
RCK-04069-371,07-10-21,94573-61802-PH,E-L-2.5,2,,,,,,,,
IRJ-67095-738,20-03-19,86447-02699-UT,E-M-2.5,2,,,,,,,,
VEA-31961-977,15-12-21,51432-27169-KN,E-D-0.5,3,,,,,,,,
BAF-42286-205,08-06-22,43074-00987-PB,R-M-2.5,4,,,,,,,,
WOR-52762-511,14-12-19,04739-85772-QT,E-L-2.5,6,,,,,,,,
ZWK-03995-815,10-04-21,28279-78469-YW,E-M-2.5,2,,,,,,,,
CKF-43291-846,10-03-20,91829-99544-DS,E-L-2.5,1,,,,,,,,
RMW-74160-339,16-10-20,38978-59582-JP,R-L-2.5,4,,,,,,,,
FMT-94584-786,08-10-19,86504-96610-BH,A-L-1,2,,,,,,,,
NWT-78222-575,31-12-19,75986-98864-EZ,A-D-0.2,1,,,,,,,,
EOI-02511-919,20-03-20,66776-88682-RG,E-L-0.2,5,,,,,,,,
EOI-02511-919,20-03-20,66776-88682-RG,A-D-0.5,5,,,,,,,,
UCT-03935-589,29-03-21,85851-78384-DM,R-D-0.5,6,,,,,,,,
SBI-60013-494,12-11-21,55232-81621-BX,E-M-0.2,2,,,,,,,,
QRA-73277-814,20-07-21,80310-92912-JA,A-L-0.5,4,,,,,,,,
EQE-31648-909,18-01-19,19821-05175-WZ,E-D-0.5,5,,,,,,,,
QOO-24615-950,07-08-19,01338-83217-GV,R-M-2.5,3,,,,,,,,
WDV-73864-037,13-03-22,66044-25298-TA,L-M-0.5,5,,,,,,,,
PKR-88575-066,17-05-22,28728-47861-TZ,E-L-0.2,1,,,,,,,,
BWR-85735-955,14-12-19,32638-38620-AX,L-M-1,3,,,,,,,,
YFX-64795-136,15-01-20,83163-65741-IH,L-M-2.5,1,,,,,,,,
DDO-71442-967,12-04-19,89422-58281-FD,L-D-0.2,5,,,,,,,,
ILQ-11027-588,29-03-20,76293-30918-DQ,E-D-1,6,,,,,,,,
KRZ-13868-122,24-03-22,86779-84838-EJ,E-L-1,3,,,,,,,,
VRM-93594-914,21-07-21,66806-41795-MX,E-D-0.5,5,,,,,,,,
HXL-22497-359,06-08-19,64875-71224-UI,A-L-1,3,,,,,,,,
NOP-21394-646,23-05-21,16982-35708-BZ,E-L-0.5,6,,,,,,,,
NOP-21394-646,23-05-21,16982-35708-BZ,L-D-2.5,2,,,,,,,,
NOP-21394-646,23-05-21,16982-35708-BZ,L-D-2.5,3,,,,,,,,
NOP-21394-646,23-05-21,16982-35708-BZ,L-L-0.5,4,,,,,,,,
NOP-21394-646,23-05-21,16982-35708-BZ,E-M-1,3,,,,,,,,
FTV-77095-168,08-04-21,66708-26678-QK,L-L-0.5,6,,,,,,,,
BOR-02906-411,17-10-21,08743-09057-OO,L-D-2.5,6,,,,,,,,
WMP-68847-770,16-02-22,37490-01572-JW,L-L-0.2,1,,,,,,,,
TMO-22785-872,15-07-20,01811-60350-CU,E-M-1,6,,,,,,,,
TJG-73587-353,22-02-20,24766-58139-GT,R-D-0.2,3,,,,,,,,
OOU-61343-455,15-01-21,90123-70970-NY,A-M-1,2,,,,,,,,
RMA-08327-369,11-01-21,93809-05424-MG,A-M-0.5,6,,,,,,,,
SFB-97929-779,08-04-22,85425-33494-HQ,E-D-0.5,4,,,,,,,,
AUP-10128-606,01-10-20,54387-64897-XC,A-M-0.5,1,,,,,,,,
YTW-40242-005,28-10-19,01035-70465-UO,L-D-1,4,,,,,,,,
PRP-53390-819,28-03-21,84260-39432-ML,E-L-0.5,6,,,,,,,,
GSJ-01065-125,31-03-20,69779-40609-RS,E-D-0.2,4,,,,,,,,
YQU-65147-580,26-03-22,80247-70000-HT,R-D-2.5,1,,,,,,,,
QPM-95832-683,06-11-19,35058-04550-VC,L-L-1,2,,,,,,,,
BNQ-88920-567,30-12-19,27226-53717-SY,L-D-0.2,6,,,,,,,,
PUX-47906-110,01-10-21,02002-98725-CH,L-M-1,4,,,,,,,,
COL-72079-610,09-12-20,38487-01549-MV,E-L-0.5,4,,,,,,,,
LBC-45686-819,01-05-21,98573-41811-EQ,A-M-1,5,,,,,,,,
BLQ-03709-265,04-08-22,72463-75685-MV,R-L-0.2,3,,,,,,,,
BLQ-03709-265,04-08-22,72463-75685-MV,R-M-0.2,5,,,,,,,,
VFZ-91673-181,13-11-21,10225-91535-AI,A-L-1,6,,,,,,,,
WKD-81956-870,16-09-20,48090-06534-HI,L-D-0.5,3,,,,,,,,
TNI-91067-006,05-10-20,80444-58185-FX,E-L-1,4,,,,,,,,
IZA-61469-812,06-01-20,13561-92774-WP,L-D-2.5,4,,,,,,,,
PSS-22466-862,21-05-21,11550-78378-GE,R-L-0.2,4,,,,,,,,
REH-56504-397,26-02-20,90961-35603-RP,A-M-2.5,5,,,,,,,,
ALA-62598-016,19-02-20,57145-03803-ZL,R-D-0.2,6,,,,,,,,
EYE-70374-835,29-06-21,89115-11966-VF,R-L-0.2,5,,,,,,,,
CCZ-19589-212,27-03-21,05754-41702-FG,L-M-0.2,2,,,,,,,,
BPT-83989-157,27-10-21,84269-49816-ML,A-M-2.5,2,,,,,,,,
YFH-87456-208,12-06-19,23600-98432-ME,L-M-0.2,2,,,,,,,,
JLN-14700-924,28-06-20,79058-02767-CP,L-L-0.2,5,,,,,,,,
JVW-22582-137,23-03-21,89208-74646-UK,E-M-0.2,5,,,,,,,,
LAA-41879-001,10-02-22,11408-81032-UR,L-L-2.5,1,,,,,,,,
BRV-64870-915,16-04-19,32070-55528-UG,L-L-2.5,5,,,,,,,,
RGJ-12544-083,12-02-20,48873-84433-PN,L-D-2.5,3,,,,,,,,
JJX-83339-346,02-01-22,32928-18158-OW,R-L-0.2,1,,,,,,,,
BIU-21970-705,07-12-20,89711-56688-GG,R-M-2.5,2,,,,,,,,
ELJ-87741-745,20-02-20,48389-71976-JB,E-L-1,4,,,,,,,,
SGI-48226-857,11-06-20,84033-80762-EQ,A-M-2.5,6,,,,,,,,
AHV-66988-037,08-09-20,12743-00952-KO,R-M-2.5,2,,,,,,,,
ISK-42066-094,28-03-20,41505-42181-EF,E-D-1,3,,,,,,,,
FTC-35822-530,10-10-20,14307-87663-KB,E-D-0.5,4,,,,,,,,
VSS-56247-688,21-05-22,08360-19442-GB,L-M-2.5,4,,,,,,,,
HVW-25584-144,30-04-20,93405-51204-UW,L-L-0.2,5,,,,,,,,
MUY-15309-209,12-12-21,97152-03355-IW,L-D-1,3,,,,,,,,
VAJ-44572-469,27-10-20,79216-73157-TE,R-L-0.2,6,,,,,,,,
YJU-84377-606,07-07-20,20259-47723-AC,A-D-1,1,,,,,,,,
VNC-93921-469,31-01-20,04666-71569-RI,L-L-1,1,,,,,,,,
OGB-91614-810,18-02-20,08909-77713-CG,R-M-0.2,1,,,,,,,,
BQI-61647-496,13-06-21,84340-73931-VV,E-M-1,5,,,,,,,,
IOM-51636-823,06-08-22,04609-95151-XH,A-D-1,3,,,,,,,,
GGD-38107-641,23-11-21,99562-88650-YF,L-M-1,4,,,,,,,,
LTO-95975-728,13-10-21,46560-73885-PJ,R-L-0.5,4,,,,,,,,
IGM-84664-265,31-08-21,80179-44620-WN,R-L-0.5,3,,,,,,,,
SKO-45740-621,16-01-20,04666-71569-RI,L-M-0.5,2,,,,,,,,
FOJ-02234-063,25-04-22,59081-87231-VP,E-D-2.5,1,,,,,,,,
MSJ-11909-468,13-11-21,07878-45872-CC,E-D-2.5,5,,,,,,,,
DKB-78053-329,08-06-21,12444-05174-OO,R-M-0.2,2,,,,,,,,
DFZ-45083-941,21-11-20,34665-62561-AU,R-L-2.5,1,,,,,,,,
OTA-40969-710,14-03-19,77877-11993-QH,R-L-1,5,,,,,,,,
GRH-45571-667,16-08-19,32291-18308-YZ,E-M-1,3,,,,,,,,
NXV-05302-067,22-04-19,25754-33191-ZI,L-M-2.5,4,,,,,,,,
VZH-86274-142,02-05-22,53120-45532-KL,R-L-1,5,,,,,,,,
KIX-93248-135,11-02-20,36605-83052-WB,A-D-0.5,1,,,,,,,,
AXR-10962-010,28-03-21,53683-35977-KI,E-D-1,2,,,,,,,,
IHS-71573-008,08-05-21,07972-83134-NM,E-D-0.2,6,,,,,,,,
QTR-19001-114,21-11-19,01035-70465-UO,A-D-1,2,,,,,,,,
WBK-62297-910,17-05-21,25514-23938-IQ,A-D-0.2,2,,,,,,,,
OGY-19377-175,09-07-19,49084-44492-OJ,E-D-0.5,1,,,,,,,,
ESR-66651-814,20-05-20,76624-72205-CK,A-D-0.2,4,,,,,,,,
CPX-46916-770,27-08-21,12729-50170-JE,R-L-1,6,,,,,,,,
MDC-03318-645,30-04-22,43974-44760-QI,A-L-0.2,2,,,,,,,,
SFF-86059-407,03-06-20,30585-48726-BK,A-M-2.5,1,,,,,,,,
SCL-94540-788,13-06-22,16123-07017-TY,E-L-2.5,6,,,,,,,,
HVU-21634-076,10-06-20,27723-45097-MH,R-L-2.5,4,,,,,,,,
XUS-73326-418,18-12-20,37078-56703-AF,E-L-1,6,,,,,,,,
XWD-18933-006,31-08-19,79420-11075-MY,A-L-0.2,2,,,,,,,,
HPD-65272-772,25-02-19,57504-13456-UO,L-M-2.5,1,,,,,,,,
JEG-93140-224,07-02-21,53751-57560-CN,E-M-0.5,5,,,,,,,,
NNH-62058-950,14-01-21,96112-42558-EA,E-L-1,4,,,,,,,,
LTD-71429-845,24-02-19,03157-23165-UB,A-L-0.5,1,,,,,,,,
MPV-26985-215,23-06-19,51466-52850-AG,R-D-0.5,1,,,,,,,,
IYO-10245-081,09-05-20,57145-31023-FK,E-M-2.5,3,,,,,,,,
BYZ-39669-954,18-07-20,66408-53777-VE,L-L-2.5,1,,,,,,,,
EFB-72860-209,17-10-19,53035-99701-WG,A-M-0.2,4,,,,,,,,
GMM-72397-378,16-05-22,45899-92796-EI,R-L-0.2,4,,,,,,,,
LYP-52345-883,24-03-21,17649-28133-PY,E-M-0.5,1,,,,,,,,
DFK-35846-692,03-11-19,49612-33852-CN,R-D-0.2,5,,,,,,,,
XAH-93337-609,28-10-21,66976-43829-YG,A-D-1,5,,,,,,,,
QKA-72582-644,16-12-20,64852-04619-XZ,E-M-0.5,2,,,,,,,,
ZDK-84567-102,29-11-21,58690-31815-VY,A-D-0.5,3,,,,,,,,
WAV-38301-984,20-03-21,62863-81239-DT,A-D-0.5,5,,,,,,,,
KZR-33023-209,08-04-22,21177-40725-CF,E-L-1,3,,,,,,,,
ULM-49433-003,14-08-20,99421-80253-UI,E-M-1,2,,,,,,,,
SIB-83254-136,12-05-19,45315-50206-DK,R-M-0.5,6,,,,,,,,
NOK-50349-551,03-03-21,09595-95726-OV,R-D-0.5,3,,,,,,,,
YIS-96268-844,11-02-20,60221-67036-TD,E-L-0.2,6,,,,,,,,
CXI-04933-855,27-04-19,62923-29397-KX,E-L-2.5,6,,,,,,,,
IZU-90429-382,26-03-22,33011-52383-BA,A-L-1,3,,,,,,,,
WIT-40912-783,28-09-20,86768-91598-FA,L-D-0.2,4,,,,,,,,
PSD-57291-590,24-10-19,37191-12203-MX,A-M-0.5,1,,,,,,,,
GOI-41472-677,04-08-21,16545-76328-JY,E-D-2.5,4,,,,,,,,
KTX-17944-494,29-12-19,74330-29286-RO,A-L-0.2,1,,,,,,,,
RDM-99811-230,27-11-19,22349-47389-GY,L-M-0.2,5,,,,,,,,
JTU-55897-581,29-02-20,70290-38099-GB,R-M-0.2,5,,,,,,,,
CRK-07584-240,31-01-21,18741-72071-PP,A-M-1,3,,,,,,,,
MKE-75518-399,17-06-22,62588-82624-II,A-M-1,3,,,,,,,,
AEL-51169-725,03-02-20,37430-29579-HD,L-M-0.2,6,,,,,,,,
ZGM-83108-823,25-01-22,84132-22322-QT,E-L-1,1,,,,,,,,
JBP-78754-392,30-04-20,74330-29286-RO,E-M-2.5,6,,,,,,,,
RNH-54912-747,01-05-21,37445-17791-NQ,R-M-0.5,1,,,,,,,,
JDS-33440-914,28-10-21,58511-10548-ZU,R-M-1,3,,,,,,,,
SYX-48878-182,29-08-21,47725-34771-FJ,R-D-1,5,,,,,,,,
ZGD-94763-868,27-12-19,53086-67334-KT,E-L-2.5,1,,,,,,,,
CZY-70361-485,25-06-19,83308-82257-UN,E-L-2.5,6,,,,,,,,
RJR-12175-899,02-03-19,37274-08534-FM,E-D-0.5,3,,,,,,,,
ELB-07929-407,02-01-22,54004-04664-AA,A-M-2.5,2,,,,,,,,
UJQ-54441-340,30-07-19,26822-19510-SD,E-M-0.2,2,,,,,,,,
UJQ-54441-340,30-07-19,26822-19510-SD,A-L-0.2,5,,,,,,,,
OWY-43108-475,05-12-20,06432-73165-ML,A-M-0.2,6,,,,,,,,
GNO-91911-159,17-12-20,96503-31833-CW,L-D-0.5,3,,,,,,,,
CNY-06284-066,26-06-21,63985-64148-MG,E-D-0.2,5,,,,,,,,
OQS-46321-904,20-07-19,19597-91185-CM,E-M-1,1,,,,,,,,
IBW-87442-480,14-07-22,79814-23626-JR,A-L-2.5,1,,,,,,,,
DGZ-82537-477,14-08-20,43439-94003-DW,R-D-1,5,,,,,,,,
LPS-39089-432,24-04-19,97655-45555-LI,R-D-1,5,,,,,,,,
MQU-86100-929,04-06-19,64418-01720-VW,L-L-0.5,4,,,,,,,,
XUR-14132-391,08-08-22,96836-09258-RI,R-D-0.5,4,,,,,,,,
OVI-27064-381,13-11-19,37274-08534-FM,R-D-0.5,3,,,,,,,,
SHP-17012-870,07-06-20,69529-07533-CV,R-M-2.5,1,,,,,,,,
FDY-03414-903,12-08-19,94840-49457-UD,A-D-0.5,3,,,,,,,,
WXT-85291-143,04-09-19,81414-81273-DK,R-M-0.5,4,,,,,,,,
QNP-18893-547,04-10-19,76930-61689-CH,R-L-1,5,,,,,,,,
DOH-92927-530,24-02-20,12839-56537-TQ,L-L-0.2,6,,,,,,,,
HGJ-82768-173,26-08-21,62741-01322-HU,A-M-1,4,,,,,,,,
YPT-95383-088,03-10-21,43439-94003-DW,E-D-2.5,2,,,,,,,,
OYH-16533-767,13-06-20,44932-34838-RM,E-L-1,4,,,,,,,,
DWW-28642-549,01-03-21,91181-19412-RQ,E-D-0.2,2,,,,,,,,
CGO-79583-871,04-03-19,37182-54930-XC,E-D-0.5,1,,,,,,,,
TFY-52090-386,13-10-19,08613-17327-XT,E-L-0.5,2,,,,,,,,
TFY-52090-386,13-10-19,08613-17327-XT,L-D-0.5,5,,,,,,,,
NYY-73968-094,15-08-19,70451-38048-AH,R-D-0.5,6,,,,,,,,
QEY-71761-460,29-11-21,35442-75769-PL,R-M-1,2,,,,,,,,
GKQ-82603-910,19-01-20,83737-56117-JE,R-L-1,5,,,,,,,,
IOB-32673-745,28-05-21,07095-81281-NJ,A-L-0.5,3,,,,,,,,
YAU-98893-150,15-01-22,77043-48851-HG,L-M-1,3,,,,,,,,
XNM-14163-951,04-12-19,78224-60622-KH,E-L-2.5,6,,,,,,,,
JPB-45297-000,01-07-22,83105-86631-IU,R-L-0.2,4,,,,,,,,
MOU-74341-266,07-05-19,99358-65399-TC,A-D-0.5,4,,,,,,,,
DHJ-87461-571,23-08-20,94525-76037-JP,A-M-1,2,,,,,,,,
DKM-97676-850,02-06-20,43439-94003-DW,E-D-0.5,5,,,,,,,,
UEB-09112-118,30-01-20,82718-93677-XO,A-M-0.5,4,,,,,,,,
ORZ-67699-748,15-02-20,44708-78241-DF,A-M-2.5,6,,,,,,,,
JXP-28398-485,11-06-21,23039-93032-FN,A-D-2.5,5,,,,,,,,
WWH-92259-198,11-03-22,35256-12529-FT,L-D-1,4,,,,,,,,
FLR-82914-153,09-09-21,86100-33488-WP,A-M-2.5,6,,,,,,,,
AMB-93600-000,14-05-19,64435-53100-WM,A-L-2.5,1,,,,,,,,
FEP-36895-658,08-04-19,44699-43836-UH,R-L-0.2,6,,,,,,,,
RXW-91413-276,15-08-20,29588-35679-RG,R-D-2.5,2,,,,,,,,
RXW-91413-276,15-08-20,29588-35679-RG,R-M-0.5,1,,,,,,,,
SDB-77492-188,05-05-22,64815-54078-HH,E-L-1,5,,,,,,,,
RZN-65182-395,27-03-21,59572-41990-XY,L-M-1,6,,,,,,,,
HDQ-86094-507,27-04-19,32481-61533-ZJ,E-D-1,6,,,,,,,,
YXO-79631-417,25-09-21,31587-92570-HL,L-D-0.5,1,,,,,,,,
SNF-57032-096,13-02-20,93832-04799-ID,E-D-0.5,6,,,,,,,,
DGL-29648-995,16-07-21,59367-30821-ZQ,L-M-0.2,2,,,,,,,,
GPU-65651-504,11-05-22,83947-45528-ET,E-M-2.5,2,,,,,,,,
OJU-34452-896,04-02-19,60799-92593-CX,E-L-0.5,1,,,,,,,,
GZS-50547-887,05-02-19,61600-55136-UM,E-D-1,2,,,,,,,,
ESR-54041-053,24-05-22,59771-90302-OF,A-L-0.5,6,,,,,,,,
OGD-10781-526,04-10-20,16880-78077-FB,R-L-0.5,6,,,,,,,,
FVH-29271-315,30-06-22,74415-50873-FC,A-D-0.5,3,,,,,,,,
BNZ-20544-633,21-10-20,31798-95707-NR,L-L-0.5,4,,,,,,,,
FUX-85791-078,16-10-20,59122-08794-WT,A-M-0.2,2,,,,,,,,
YXP-20078-116,23-09-20,37238-52421-JJ,R-M-0.5,1,,,,,,,,
VQV-59984-866,08-03-19,48854-01899-FN,R-D-0.2,3,,,,,,,,
JEH-37276-048,30-06-21,80896-38819-DW,A-L-0.5,3,,,,,,,,
VYD-28555-589,13-08-19,29814-01459-RC,R-L-0.5,6,,,,,,,,
WUG-76466-650,22-02-21,43439-94003-DW,L-D-0.5,3,,,,,,,,
RJV-08261-583,26-03-22,48497-29281-FE,A-D-0.2,5,,,,,,,,
PMR-56062-609,10-01-20,43605-12616-YH,E-D-0.5,3,,,,,,,,
XLD-12920-505,01-05-19,21907-75962-VB,E-L-0.5,6,,,,,,,,
UBW-50312-037,09-02-20,69503-12127-YD,A-L-2.5,4,,,,,,,,
QAW-05889-019,29-12-21,68810-07329-EU,L-M-0.5,5,,,,,,,,
EPT-12715-397,09-09-20,08478-75251-OG,A-D-0.2,6,,,,,,,,
DHT-93810-053,16-09-21,17005-82030-EA,E-L-1,5,,,,,,,,
DMY-96037-963,26-10-20,42179-95059-DO,L-D-0.2,3,,,,,,,,
MBM-55936-917,12-03-19,55989-39849-WO,L-D-0.5,3,,,,,,,,
TPA-93614-840,18-02-21,28932-49296-TM,E-D-0.5,2,,,,,,,,
WDM-77521-710,29-10-20,86144-10144-CB,A-M-0.5,2,,,,,,,,
EIP-19142-462,06-09-21,60973-72562-DQ,E-L-1,6,,,,,,,,
EIP-19142-462,06-09-21,60973-72562-DQ,A-L-0.2,1,,,,,,,,
ZZL-76364-387,09-09-20,11263-86515-VU,R-L-2.5,4,,,,,,,,
GMF-18638-786,26-09-21,60004-62976-NI,L-D-0.5,6,,,,,,,,
TDJ-20844-787,05-11-20,77876-28498-HI,A-L-0.5,5,,,,,,,,
BWK-39400-446,12-09-19,61302-06948-EH,L-D-0.5,4,,,,,,,,
LCB-02099-995,31-07-19,06757-96251-UH,A-D-0.2,6,,,,,,,,
UBA-43678-174,15-03-19,44530-75983-OD,E-D-2.5,6,,,,,,,,
UDH-24280-432,16-05-21,44865-58249-RY,L-L-1,4,,,,,,,,
IDQ-20193-502,06-05-19,36021-61205-DF,L-M-0.2,2,,,,,,,,
DJG-14442-608,06-02-19,75716-12782-SS,R-D-1,3,,,,,,,,
DWB-61381-370,09-04-21,11812-00461-KH,L-L-0.2,2,,,,,,,,
FRD-17347-990,20-05-20,46681-78850-ZW,A-D-1,4,,,,,,,,
YPP-27450-525,02-12-20,01932-87052-KO,E-M-0.5,3,,,,,,,,
EFC-39577-424,08-08-21,16046-34805-ZF,E-M-1,5,,,,,,,,
LAW-80062-016,03-02-22,34546-70516-LR,E-M-0.5,6,,,,,,,,
WKL-27981-758,08-04-22,73699-93557-FZ,A-M-2.5,2,,,,,,,,
VRT-39834-265,07-01-21,86686-37462-CK,L-L-1,3,,,,,,,,
QTC-71005-730,02-09-21,14298-02150-KH,A-L-0.2,4,,,,,,,,
TNX-09857-717,04-11-21,48675-07824-HJ,L-M-1,6,,,,,,,,
JZV-43874-185,02-08-21,18551-80943-YQ,A-M-1,5,,,,,,,,
ICF-17486-106,27-01-20,19196-09748-DB,L-L-2.5,1,,,,,,,,
BMK-49520-383,03-12-19,72233-08665-IP,R-L-0.2,3,,,,,,,,
HTS-15020-632,06-08-19,53817-13148-RK,R-M-0.2,3,,,,,,,,
YLE-18247-749,11-03-20,92227-49331-QR,A-L-0.5,3,,,,,,,,
KJJ-12573-591,18-09-21,12997-41076-FQ,A-L-2.5,1,,,,,,,,
RGU-43561-950,07-11-20,44220-00348-MB,A-L-2.5,5,,,,,,,,
JSN-73975-443,27-06-22,93047-98331-DD,L-M-0.5,1,,,,,,,,
WNR-71736-993,05-02-20,16880-78077-FB,L-D-0.5,4,,,,,,,,
WNR-71736-993,05-02-20,16880-78077-FB,A-D-2.5,6,,,,,,,,
HNI-91338-546,07-02-20,67285-75317-XI,A-D-0.5,5,,,,,,,,
CYH-53243-218,18-12-20,88167-57964-PH,R-M-0.5,3,,,,,,,,
SVD-75407-177,23-08-21,16106-36039-QS,E-L-0.5,3,,,,,,,,
NVN-66443-451,20-08-21,98921-82417-GN,R-D-1,2,,,,,,,,
JUA-13580-095,01-04-19,55265-75151-AK,R-L-0.2,4,,,,,,,,
ACY-56225-839,28-01-21,47386-50743-FG,A-M-2.5,3,,,,,,,,
QBB-07903-622,21-10-19,32622-54551-UC,R-L-1,5,,,,,,,,
JLJ-81802-619,20-06-21,16880-78077-FB,A-L-1,6,,,,,,,,
HFT-77191-168,04-11-21,48419-02347-XP,R-D-0.2,2,,,,,,,,
SZR-35951-530,05-04-21,14121-20527-OJ,E-D-2.5,3,,,,,,,,
IKL-95976-565,09-12-19,53486-73919-BQ,A-M-1,2,,,,,,,,
XEY-48929-474,02-01-22,21889-94615-WT,L-M-2.5,6,,,,,,,,
SQT-07286-736,08-12-19,87726-16941-QW,A-M-1,6,,,,,,,,
QDU-45390-361,28-11-21,03677-09134-BC,E-M-0.5,1,,,,,,,,
RUJ-30649-712,11-03-22,93224-71517-WV,L-L-0.2,2,,,,,,,,
WSV-49732-075,17-01-21,76263-95145-GJ,L-D-2.5,1,,,,,,,,
VJF-46305-323,18-01-19,68555-89840-GZ,L-D-0.5,2,,,,,,,,
CXD-74176-600,07-04-19,70624-19112-AO,E-L-0.5,4,,,,,,,,
ADX-50674-975,03-02-21,58916-61837-QH,A-M-2.5,4,,,,,,,,
RRP-51647-420,18-04-19,89292-52335-YZ,E-D-1,3,,,,,,,,
PKJ-99134-523,07-07-21,77284-34297-YY,R-L-0.5,5,,,,,,,,
FZQ-29439-457,23-02-21,50449-80974-BZ,E-L-0.2,5,,,,,,,,
USN-68115-161,10-08-21,08120-16183-AW,E-M-0.2,6,,,,,,,,
IXU-20263-532,15-11-19,68044-89277-ML,L-M-2.5,2,,,,,,,,
CBT-15092-420,17-12-19,71364-35210-HS,L-M-0.5,1,,,,,,,,
PKQ-46841-696,18-03-20,37177-68797-ON,R-M-0.5,3,,,,,,,,
XDU-05471-219,06-06-22,60308-06944-GS,R-L-0.5,1,,,,,,,,
NID-20149-329,20-05-21,49888-39458-PF,R-D-0.2,2,,,,,,,,
SVU-27222-213,11-01-21,60748-46813-DZ,L-L-0.2,5,,,,,,,,
RWI-84131-848,22-02-19,16385-11286-NX,R-D-2.5,2,,,,,,,,
GUU-40666-525,24-11-21,68555-89840-GZ,A-L-0.2,3,,,,,,,,
SCN-51395-066,18-01-22,72164-90254-EJ,L-L-0.5,4,,,,,,,,
ULA-24644-321,13-08-21,67010-92988-CT,R-D-2.5,4,,,,,,,,
EOL-92666-762,11-01-20,15776-91507-GT,L-L-0.2,2,,,,,,,,
AJV-18231-334,05-07-20,23473-41001-CD,R-D-2.5,2,,,,,,,,
ZQI-47236-301,25-07-19,23446-47798-ID,L-L-0.5,5,,,,,,,,
ZCR-15721-658,26-05-22,28327-84469-ND,A-M-1,4,,,,,,,,
QEW-47945-682,10-01-20,42466-87067-DT,L-L-0.2,5,,,,,,,,
PSY-45485-542,17-05-19,62246-99443-HF,R-D-0.5,3,,,,,,,,
BAQ-74241-156,24-07-20,99869-55718-UU,R-D-0.2,4,,,,,,,,
BVU-77367-451,20-10-20,77421-46059-RY,A-D-1,5,,,,,,,,
TJE-91516-344,22-09-19,49894-06550-OQ,E-M-1,2,,,,,,,,
LIS-96202-702,07-06-20,72028-63343-SU,L-D-2.5,4,,,,,,,,
VIO-27668-766,15-12-19,10074-20104-NN,R-D-2.5,1,,,,,,,,
ZVG-20473-043,06-12-20,71769-10219-IM,A-D-0.2,3,,,,,,,,
KGZ-56395-231,06-12-21,22221-71106-JD,A-D-0.5,1,,,,,,,,
CUU-92244-729,11-07-20,99735-44927-OL,E-M-1,3,,,,,,,,
EHE-94714-312,28-06-21,27132-68907-RC,E-L-0.2,5,,,,,,,,
RTL-16205-161,05-04-22,90440-62727-HI,A-M-0.5,1,,,,,,,,
GTS-22482-014,24-03-22,36769-16558-SX,L-M-2.5,4,,,,,,,,
DYG-25473-881,08-02-20,10138-31681-SD,A-D-0.2,2,,,,,,,,
HTR-21838-286,11-02-22,24669-76297-SF,A-L-1,2,,,,,,,,
KYG-28296-920,02-07-20,78050-20355-DI,E-M-2.5,1,,,,,,,,
NNB-20459-430,25-07-22,79825-17822-UH,L-M-0.2,2,,,,,,,,
FEK-14025-351,19-03-21,03990-21586-MQ,E-L-0.2,6,,,,,,,,
AWH-16980-469,11-05-20,27493-46921-TZ,L-M-0.2,6,,,,,,,,
ZPW-31329-741,08-06-19,27132-68907-RC,R-D-1,6,,,,,,,,
ZPW-31329-741,08-06-19,27132-68907-RC,E-M-2.5,4,,,,,,,,
ZPW-31329-741,08-06-19,27132-68907-RC,E-M-0.2,1,,,,,,,,
UBI-83843-396,09-10-19,58816-74064-TF,R-L-1,2,,,,,,,,
VID-40587-569,20-02-21,09818-59895-EH,E-D-2.5,5,,,,,,,,
KBB-52530-416,21-11-19,06488-46303-IZ,L-D-2.5,2,,,,,,,,
ISJ-48676-420,10-10-21,93046-67561-AY,L-L-0.5,6,,,,,,,,
MIF-17920-768,05-08-21,68946-40750-LK,R-L-0.2,6,,,,,,,,
CPX-19312-088,31-07-20,38387-64959-WW,L-M-0.5,6,,,,,,,,
RXI-67978-260,19-09-20,48418-60841-CC,E-D-1,6,,,,,,,,
LKE-14821-285,03-05-20,13736-92418-JS,R-M-0.2,5,,,,,,,,
LRK-97117-150,08-07-19,33000-22405-LO,L-L-1,6,,,,,,,,
IGK-51227-573,26-10-19,46959-60474-LT,L-D-0.5,2,,,,,,,,
ZAY-43009-775,27-09-20,73431-39823-UP,L-D-0.2,6,,,,,,,,
EMA-63190-618,28-02-22,90993-98984-JK,E-M-0.2,1,,,,,,,,
FBI-35855-418,16-09-20,06552-04430-AG,R-M-0.5,6,,,,,,,,
TXB-80533-417,28-10-20,54597-57004-QM,L-L-1,2,,,,,,,,
MBM-00112-248,02-09-19,50238-24377-ZS,L-L-1,5,,,,,,,,
EUO-69145-988,30-08-21,60370-41934-IF,E-D-0.2,3,,,,,,,,
GYA-80327-368,04-06-21,06899-54551-EH,A-D-1,4,,,,,,,,
TNW-41601-420,24-11-20,66458-91190-YC,R-M-1,5,,,,,,,,
ALR-62963-723,21-06-20,80463-43913-WZ,R-D-0.2,3,,,,,,,,
JIG-27636-870,13-07-20,67204-04870-LG,R-L-1,4,,,,,,,,
CTE-31437-326,02-01-19,22721-63196-UJ,R-M-0.2,4,,,,,,,,
CTE-31437-326,02-01-19,22721-63196-UJ,E-M-0.2,4,,,,,,,,
CTE-31437-326,02-01-19,22721-63196-UJ,L-D-1,4,,,,,,,,
CTE-31437-326,02-01-19,22721-63196-UJ,L-L-0.2,3,,,,,,,,
SLD-63003-334,17-02-22,55515-37571-RS,L-M-0.2,6,,,,,,,,
BXN-64230-789,19-12-20,25598-77476-CB,A-L-1,2,,,,,,,,
XEE-37895-169,20-02-19,14888-85625-TM,A-L-2.5,3,,,,,,,,
ZTX-80764-911,14-01-21,92793-68332-NR,L-D-0.5,6,,,,,,,,
WVT-88135-549,16-11-19,66458-91190-YC,A-D-1,3,,,,,,,,
IPA-94170-889,04-12-19,64439-27325-LG,R-L-0.2,3,,,,,,,,
YQL-63755-365,31-07-20,78570-76770-LB,A-M-0.2,4,,,,,,,,
RKW-81145-984,11-03-19,98661-69719-VI,L-L-1,3,,,,,,,,
MBT-23379-866,10-05-22,82990-92703-IX,L-L-1,5,,,,,,,,
GEJ-39834-935,25-12-21,49412-86877-VY,L-M-0.2,6,,,,,,,,
KRW-91640-596,22-04-22,70879-00984-FJ,R-L-0.5,3,,,,,,,,
AOT-70449-651,11-06-22,53414-73391-CR,R-D-2.5,5,,,,,,,,
DGC-21813-731,27-04-22,43606-83072-OA,L-D-0.2,2,,,,,,,,
JBE-92943-643,29-12-20,84466-22864-CE,E-D-2.5,5,,,,,,,,
ZIL-34948-499,14-07-20,66458-91190-YC,A-D-0.5,2,,,,,,,,
JSU-23781-256,07-09-21,76499-89100-JQ,L-D-0.2,1,,,,,,,,
JSU-23781-256,07-09-21,76499-89100-JQ,R-M-1,4,,,,,,,,
VPX-44956-367,09-06-19,39582-35773-ZJ,R-M-0.5,5,,,,,,,,
VTB-46451-959,25-10-20,66240-46962-IO,L-D-2.5,1,,,,,,,,
DNZ-11665-950,28-02-21,10637-45522-ID,L-L-2.5,2,,,,,,,,
ITR-54735-364,26-07-20,92599-58687-CS,R-D-0.2,5,,,,,,,,
YDS-02797-307,05-06-22,06058-48844-PI,E-M-2.5,4,,,,,,,,
BPG-68988-842,21-02-19,53631-24432-SY,E-M-0.5,5,,,,,,,,
XZG-51938-658,05-04-20,18275-73980-KL,E-L-0.5,6,,,,,,,,
KAR-24978-271,10-01-19,23187-65750-HZ,R-M-1,6,,,,,,,,
FQK-28730-361,12-04-22,22725-79522-GP,R-M-1,6,,,,,,,,
BGB-67996-089,30-01-22,06279-72603-JE,R-D-1,5,,,,,,,,
XMC-20620-809,14-05-21,83543-79246-ON,E-M-0.5,2,,,,,,,,
ZSO-58292-191,12-06-22,66794-66795-VW,R-D-0.5,4,,,,,,,,
LWJ-06793-303,02-01-22,95424-67020-AP,R-M-2.5,2,,,,,,,,
FLM-82229-989,24-01-22,73017-69644-MS,L-L-0.2,2,,,,,,,,
CPV-90280-133,20-03-19,66458-91190-YC,R-D-0.2,3,,,,,,,,
OGW-60685-912,21-11-20,67423-10113-LM,E-D-2.5,4,,,,,,,,
DEC-11160-362,13-10-21,48582-05061-RY,R-D-0.2,4,,,,,,,,
WCT-07869-499,19-10-21,32031-49093-KE,R-D-0.5,5,,,,,,,,
FHD-89872-325,29-04-19,31715-98714-OO,L-L-1,4,,,,,,,,
AZF-45991-584,12-10-19,73759-17258-KA,A-D-2.5,1,,,,,,,,
MDG-14481-513,19-05-21,64897-79178-MH,A-M-2.5,4,,,,,,,,
OFN-49424-848,03-07-21,73346-85564-JB,R-L-2.5,2,,,,,,,,
NFA-03411-746,08-02-20,07476-13102-NJ,A-L-0.5,2,,,,,,,,
CYM-74988-450,16-10-20,87223-37422-SK,L-D-0.2,4,,,,,,,,
WTV-24996-658,23-10-20,57837-15577-YK,E-D-2.5,3,,,,,,,,
DSL-69915-544,10-03-21,10142-55267-YO,R-L-0.2,3,,,,,,,,
NBT-35757-542,07-07-21,73647-66148-VM,E-L-0.2,3,,,,,,,,
OYU-25085-528,05-02-21,10142-55267-YO,E-L-0.2,4,,,,,,,,
XCG-07109-195,11-12-20,92976-19453-DT,L-D-0.2,6,,,,,,,,
YZA-25234-630,13-05-22,89757-51438-HX,E-D-0.2,2,,,,,,,,
OKU-29966-417,23-10-19,76192-13390-HZ,E-L-0.2,4,,,,,,,,
MEX-29350-659,11-09-20,02009-87294-SY,E-M-1,5,,,,,,,,
NOY-99738-977,29-09-19,82872-34456-LJ,R-L-2.5,2,,,,,,,,
TCR-01064-030,03-03-21,13181-04387-LI,E-M-1,6,,,,,,,,
YUL-42750-776,23-11-21,24845-36117-TI,L-M-0.2,2,,,,,,,,
XQJ-86887-506,06-11-21,66458-91190-YC,E-L-1,4,,,,,,,,
CUN-90044-279,29-01-21,86646-65810-TD,L-D-0.2,4,,,,,,,,
ICC-73030-502,16-04-22,59480-02795-IU,A-L-1,3,,,,,,,,
ADP-04506-084,24-07-21,61809-87758-LJ,E-M-2.5,6,,,,,,,,
PNU-22150-408,11-08-19,77408-43873-RS,A-D-0.2,6,,,,,,,,
VSQ-07182-513,23-07-19,18366-65239-WF,L-L-0.2,6,,,,,,,,
SPF-31673-217,09-06-20,19485-98072-PS,E-M-1,6,,,,,,,,
NEX-63825-598,22-02-20,72072-33025-SD,R-L-0.5,2,,,,,,,,
XPG-66112-335,19-07-20,58118-22461-GC,R-D-2.5,4,,,,,,,,
NSQ-72210-345,20-09-21,90940-63327-DJ,A-M-0.2,6,,,,,,,,
XRR-28376-277,02-05-21,64481-42546-II,R-L-2.5,6,,,,,,,,
WHQ-25197-475,26-11-21,27536-28463-NJ,L-L-0.2,4,,,,,,,,
HMB-30634-745,18-02-20,19485-98072-PS,A-D-2.5,6,,,,,,,,
XTL-68000-371,07-04-20,70140-82812-KD,A-M-0.5,4,,,,,,,,
YES-51109-625,31-01-22,91895-55605-LS,E-L-0.5,4,,,,,,,,
EAY-89850-211,19-02-19,43155-71724-XP,A-D-0.2,2,,,,,,,,
IOQ-84840-827,12-11-19,32038-81174-JF,A-M-1,6,,,,,,,,
FBD-56220-430,16-05-22,59205-20324-NB,R-L-0.2,6,,,,,,,,
COV-52659-202,12-02-21,99899-54612-NX,L-M-2.5,2,,,,,,,,
YUO-76652-814,04-04-21,26248-84194-FI,A-D-0.2,6,,,,,,,,
PBT-36926-102,02-08-21,19485-98072-PS,L-M-1,4,,,,,,,,
BLV-60087-454,08-06-22,84493-71314-WX,E-L-0.2,3,,,,,,,,
BLV-60087-454,08-06-22,84493-71314-WX,A-M-0.5,5,,,,,,,,
QYC-63914-195,14-05-20,39789-43945-IV,E-L-1,3,,,,,,,,
OIB-77163-890,25-12-20,38972-89678-ZM,E-L-0.5,5,,,,,,,,
SGS-87525-238,05-07-21,91465-84526-IJ,E-D-1,5,,,,,,,,
GQR-12490-152,14-03-19,22832-98538-RB,R-L-0.2,1,,,,,,,,
UOJ-28238-299,07-03-21,30844-91890-ZA,R-L-0.2,6,,,,,,,,
ETD-58130-674,05-11-21,05325-97750-WP,E-M-0.5,2,,,,,,,,
UPF-60123-025,06-02-20,88992-49081-AT,R-L-2.5,3,,,,,,,,
NQS-01613-687,12-03-21,10204-31464-SA,L-D-0.5,1,,,,,,,,
MGH-36050-573,03-08-20,75156-80911-YT,R-M-0.5,2,,,,,,,,
UVF-59322-459,25-07-19,53971-49906-PZ,E-L-2.5,6,,,,,,,,
VET-41158-896,29-04-20,10728-17633-ST,E-M-2.5,2,,,,,,,,
XYL-52196-459,02-05-19,13549-65017-VE,R-D-0.2,3,,,,,,,,
BPZ-51283-916,29-08-21,87688-42420-TO,A-M-2.5,2,,,,,,,,
VQW-91903-926,13-03-20,05325-97750-WP,E-D-2.5,1,,,,,,,,
OLF-77983-457,16-02-19,51901-35210-UI,A-L-2.5,2,,,,,,,,
MVI-04946-827,27-11-21,62483-50867-OM,E-L-1,1,,,,,,,,
UOG-94188-104,23-11-21,92753-50029-SD,A-M-0.5,5,,,,,,,,
DSN-15872-519,02-12-21,53809-98498-SN,L-L-2.5,4,,,,,,,,
OUQ-73954-002,06-01-19,66308-13503-KD,R-M-0.2,4,,,,,,,,
LGL-16843-667,05-05-21,82458-87830-JE,A-D-0.2,4,,,,,,,,
TCC-89722-031,23-10-21,41611-34336-WT,L-D-0.5,1,,,,,,,,
TRA-79507-007,16-12-19,70089-27418-UJ,R-L-2.5,4,,,,,,,,
MZJ-77284-941,18-05-19,99978-56910-BN,E-L-0.2,5,,,,,,,,
AXN-57779-891,14-07-19,09668-23340-IC,R-M-0.2,3,,,,,,,,
PJB-15659-994,13-11-20,39457-62611-YK,L-D-2.5,4,,,,,,,,
LTS-03470-353,16-07-20,90985-89807-RW,A-L-2.5,5,,,,,,,,
UMM-28497-689,03-11-20,05325-97750-WP,L-L-2.5,3,,,,,,,,
MJZ-93232-402,20-03-22,17816-67941-ZS,E-D-0.2,1,,,,,,,,
UHW-74617-126,16-02-22,90816-65619-LM,E-D-2.5,2,,,,,,,,
RIK-61730-794,12-11-20,69761-61146-KD,L-M-0.2,6,,,,,,,,
IDJ-55379-750,05-10-19,24040-20817-QB,R-M-1,4,,,,,,,,
OHX-11953-965,01-10-19,19524-21432-XP,E-L-2.5,2,,,,,,,,
TVV-42245-088,06-03-20,14398-43114-RV,A-M-0.2,4,,,,,,,,
DYP-74337-787,23-10-19,41486-52502-QQ,R-M-0.5,1,,,,,,,,
OKA-93124-100,23-04-20,05325-97750-WP,R-M-0.5,5,,,,,,,,
IXW-20780-268,24-06-20,20236-64364-QL,L-L-2.5,2,,,,,,,,
NGG-24006-937,16-03-21,29102-40100-TZ,E-M-2.5,4,,,,,,,,
JZC-31180-557,07-04-20,09171-42203-EB,L-M-2.5,1,,,,,,,,
ZMU-63715-204,30-09-21,29060-75856-UI,E-D-1,6,,,,,,,,
GND-08192-056,01-05-22,17088-16989-PL,L-D-0.5,2,,,,,,,,
RYY-38961-093,21-01-21,14756-18321-CL,A-M-0.2,6,,,,,,,,
CVA-64996-969,24-06-20,13324-78688-MI,A-L-1,6,,,,,,,,
XTH-67276-442,03-03-19,73799-04749-BM,L-M-2.5,4,,,,,,,,
PVU-02950-470,28-01-21,01927-46702-YT,E-D-1,1,,,,,,,,
XSN-26809-910,28-06-20,80467-17137-TO,E-M-2.5,2,,,,,,,,
UDN-88321-005,05-07-20,14640-87215-BK,R-L-0.5,5,,,,,,,,
EXP-21628-670,02-03-19,94447-35885-HK,A-M-2.5,3,,,,,,,,
VGM-24161-361,01-05-22,71034-49694-CS,E-M-2.5,2,,,,,,,,
PKN-19556-918,29-04-22,00445-42781-KX,E-L-0.2,6,,,,,,,,
PKN-19556-918,29-04-22,00445-42781-KX,L-D-0.5,4,,,,,,,,
PKN-19556-918,29-04-22,00445-42781-KX,A-D-0.2,1,,,,,,,,
PKN-19556-918,29-04-22,00445-42781-KX,R-D-2.5,5,,,,,,,,
DXQ-44537-297,06-08-20,96116-24737-LV,E-L-0.5,4,,,,,,,,
BPC-54727-307,21-12-19,18684-73088-YL,R-L-1,4,,,,,,,,
KSH-47717-456,19-04-20,74671-55639-TU,L-M-1,3,,,,,,,,
ANK-59436-446,17-01-22,17488-65879-XL,E-L-0.5,4,,,,,,,,
AYY-83051-752,22-01-19,46431-09298-OU,L-L-1,6,,,,,,,,
CSW-59644-267,28-02-20,60378-26473-FE,E-M-2.5,1,,,,,,,,
ITY-92466-909,07-08-19,34927-68586-ZV,A-M-2.5,3,,,,,,,,
IGW-04801-466,15-05-21,29051-27555-GD,L-D-0.2,1,,,,,,,,
LJN-34281-921,17-12-21,52143-35672-JF,R-L-2.5,5,,,,,,,,
BWZ-46364-547,09-09-21,64918-67725-MN,R-L-1,3,,,,,,,,
SBC-95710-706,19-02-20,85634-61759-ND,E-M-0.2,2,,,,,,,,
WRN-55114-031,29-06-20,40180-22940-QB,E-L-2.5,3,,,,,,,,
TZU-64255-831,13-05-22,34666-76738-SQ,R-D-2.5,2,,,,,,,,
JVF-91003-729,02-10-20,98536-88616-FF,A-D-2.5,3,,,,,,,,
MVB-22135-665,02-12-21,55621-06130-SA,A-D-1,1,,,,,,,,
CKS-47815-571,02-11-21,45666-86771-EH,L-L-0.5,3,,,,,,,,
OAW-17338-101,23-02-20,52143-35672-JF,R-D-0.2,6,,,,,,,,
ALP-37623-536,03-07-20,24689-69376-XX,L-L-1,6,,,,,,,,
WMU-87639-108,11-02-19,71891-51101-VQ,R-D-0.5,1,,,,,,,,
USN-44968-231,10-09-20,71749-05400-CN,R-L-1,4,,,,,,,,
YZG-20575-451,02-03-20,64845-00270-NO,L-L-1,4,,,,,,,,
HTH-52867-812,28-06-21,29851-36402-UX,A-M-2.5,4,,,,,,,,
FWU-44971-444,11-01-19,12190-25421-WM,A-D-2.5,3,,,,,,,,
EQI-82205-066,20-09-19,52316-30571-GD,R-M-2.5,2,,,,,,,,
NAR-00747-074,16-10-21,23243-92649-RY,L-D-1,4,,,,,,,,
JYR-22052-185,01-01-20,39528-19971-OR,A-M-0.5,2,,,,,,,,
XKO-54097-932,10-03-22,32743-78448-KT,E-M-0.5,3,,,,,,,,
HXA-72415-025,12-05-22,93417-12322-YB,A-D-2.5,2,,,,,,,,
MJF-20065-335,10-09-20,56891-86662-UY,E-L-0.5,6,,,,,,,,
GFI-83300-059,16-10-21,40414-26467-VE,A-M-0.2,6,,,,,,,,
WJR-51493-682,17-06-21,87858-83734-RK,L-D-2.5,5,,,,,,,,
SHP-55648-472,30-03-19,46818-20198-GB,A-M-1,6,,,,,,,,
HYR-03455-684,19-12-21,29808-89098-XD,E-D-1,6,,,,,,,,
HYR-03455-684,19-12-21,29808-89098-XD,L-D-0.2,2,,,,,,,,
HUG-52766-375,05-06-20,78786-77449-RQ,A-D-2.5,4,,,,,,,,
DAH-46595-917,12-09-21,27878-42224-QF,A-D-1,6,,,,,,,,
VEM-79839-466,16-03-22,32743-78448-KT,R-L-2.5,5,,,,,,,,
OWH-11126-533,21-12-21,25331-13794-SB,L-M-2.5,2,,,,,,,,
UMT-26130-151,21-05-19,55864-37682-GQ,L-M-0.2,3,,,,,,,,
JKA-27899-806,26-10-21,97005-25609-CQ,R-L-1,5,,,,,,,,
ULU-07744-724,26-03-20,94058-95794-IJ,L-M-0.5,5,,,,,,,,
NOM-56457-507,14-10-20,40214-03678-GU,E-M-1,6,,,,,,,,
NZN-71683-705,13-12-21,04921-85445-SL,A-L-2.5,6,,,,,,,,
WMA-34232-850,08-03-21,53386-94266-LJ,L-D-2.5,4,,,,,,,,
EZL-27919-704,21-01-21,49480-85909-DG,L-L-0.5,5,,,,,,,,
ZYU-11345-774,10-01-21,18293-78136-MN,L-M-0.5,5,,,,,,,,
CPW-34587-459,26-03-21,84641-67384-TD,A-L-2.5,6,,,,,,,,
NQZ-82067-394,25-03-22,72320-29738-EB,R-L-2.5,1,,,,,,,,
JBW-95055-851,22-07-21,47355-97488-XS,A-M-1,5,,,,,,,,
AHY-20324-088,06-09-20,63499-24884-PP,L-L-0.2,2,,,,,,,,
ZSL-66684-103,28-12-19,39193-51770-FM,E-M-0.2,2,,,,,,,,
WNE-73911-475,20-04-20,61323-91967-GG,L-D-0.5,6,,,,,,,,
EZB-68383-559,21-02-19,90123-01967-KS,R-L-1,6,,,,,,,,
OVO-01283-090,17-03-22,15958-25089-OS,L-L-2.5,2,,,,,,,,
TXH-78646-919,14-05-21,98430-37820-UV,R-D-0.2,3,,,,,,,,
CYZ-37122-164,06-01-19,21798-04171-XC,E-M-0.5,2,,,,,,,,
AGQ-06534-750,24-04-19,52798-46508-HP,A-L-1,5,,,,,,,,
QVL-32245-818,30-05-21,46478-42970-EM,A-M-0.5,5,,,,,,,,
LTD-96842-834,12-07-22,00246-15080-LE,L-D-2.5,6,,,,,,,,
SEC-91807-425,31-01-21,94091-86957-HX,A-M-1,2,,,,,,,,
MHM-44857-599,12-09-19,26295-44907-DK,L-D-1,1,,,,,,,,
KGC-95046-911,30-06-20,95351-96177-QV,A-M-2.5,2,,,,,,,,
RZC-75150-413,25-03-20,92204-96636-BS,E-D-0.5,5,,,,,,,,
EYH-88288-452,14-04-21,03010-30348-UA,L-L-2.5,5,,,,,,,,
NYQ-24237-772,16-08-19,13441-34686-SW,L-D-0.5,4,,,,,,,,
WKB-21680-566,17-12-21,96612-41722-VJ,A-M-0.5,3,,,,,,,,
THE-61147-027,31-12-19,94091-86957-HX,L-D-1,2,,,,,,,,
PTY-86420-119,12-04-21,25504-41681-WA,A-D-0.5,4,,,,,,,,
QHL-27188-431,28-09-19,75443-07820-DZ,L-L-0.5,2,,,,,,,,
MIS-54381-047,15-06-22,39276-95489-XV,A-D-0.5,5,,,,,,,,
TBB-29780-459,15-07-19,61437-83623-PZ,A-L-0.5,1,,,,,,,,
QLC-52637-305,10-02-19,34317-87258-HQ,L-D-2.5,4,,,,,,,,
CWT-27056-328,04-06-22,18570-80998-ZS,E-D-0.2,6,,,,,,,,
ASS-05878-128,10-10-20,66580-33745-OQ,E-L-0.5,2,,,,,,,,
EGK-03027-418,06-06-21,19820-29285-FD,E-M-0.2,3,,,,,,,,
KCY-61732-849,16-03-19,11349-55147-SN,L-D-1,2,,,,,,,,
BLI-21697-702,05-12-19,21141-12455-VB,A-M-0.5,2,,,,,,,,
KFJ-46568-890,20-01-19,71003-85639-HB,E-L-0.5,2,,,,,,,,
SOK-43535-680,04-04-22,58443-95866-YO,E-M-0.5,3,,,,,,,,
XUE-87260-201,08-02-22,89646-21249-OH,R-M-0.2,6,,,,,,,,
CZF-40873-691,30-06-19,64988-20636-XQ,E-M-0.5,2,,,,,,,,
AIA-98989-755,09-05-20,34704-83143-KS,R-M-0.2,1,,,,,,,,
ITZ-21793-986,11-06-21,67388-17544-XX,E-D-0.2,4,,,,,,,,
YOK-93322-608,04-11-21,69411-48470-ID,E-L-1,6,,,,,,,,
LXK-00634-611,20-02-22,94091-86957-HX,R-L-1,3,,,,,,,,
CQW-37388-302,03-07-19,97741-98924-KT,A-D-2.5,3,,,,,,,,
SPA-79365-334,01-06-21,79857-78167-KO,L-D-1,3,,,,,,,,
VPX-08817-517,15-11-20,46963-10322-ZA,L-L-1,5,,,,,,,,
PBP-87115-410,19-01-21,93812-74772-MV,E-D-0.5,5,,,,,,,,
SFB-93752-440,10-10-21,48203-23480-UB,R-M-0.2,3,,,,,,,,
TBU-65158-068,28-02-22,60357-65386-RD,E-D-1,2,,,,,,,,
TEH-08414-216,01-10-21,35099-13971-JI,E-M-2.5,2,,,,,,,,
MAY-77231-536,02-09-20,01304-59807-OB,A-M-0.2,2,,,,,,,,
ATY-28980-884,31-07-20,50705-17295-NK,A-L-0.2,6,,,,,,,,
SWP-88281-918,10-01-22,77657-61366-FY,L-L-2.5,4,,,,,,,,
VCE-56531-986,09-03-21,57192-13428-PL,R-M-0.5,5,,,,,,,,
FVV-75700-005,20-11-20,24891-77957-LU,E-D-0.5,3,,,,,,,,
CFZ-53492-600,14-03-22,64896-18468-BT,L-M-0.2,1,,,,,,,,
LDK-71031-121,10-01-19,84761-40784-SV,L-L-2.5,1,,,,,,,,
EBA-82404-343,26-01-21,20236-42322-CM,L-D-0.2,4,,,,,,,,
USA-42811-560,26-04-21,49671-11547-WG,E-L-0.2,2,,,,,,,,
SNL-83703-516,04-01-22,57976-33535-WK,L-M-2.5,3,,,,,,,,
SUZ-83036-175,20-08-19,55915-19477-MK,R-D-0.2,5,,,,,,,,
RGM-01187-513,15-07-22,28121-11641-UA,E-D-0.2,6,,,,,,,,
CZG-01299-952,12-02-19,09540-70637-EV,L-D-1,2,,,,,,,,
KLD-88731-484,08-09-21,17775-77072-PP,A-M-1,5,,,,,,,,
BQK-38412-229,13-12-19,90392-73338-BC,R-L-0.2,3,,,,,,,,
TCX-76953-071,25-08-21,94091-86957-HX,E-D-0.2,5,,,,,,,,
LIN-88046-551,23-03-22,10725-45724-CO,R-L-0.5,4,,,,,,,,
PMV-54491-220,11-04-19,87242-18006-IR,L-M-0.2,2,,,,,,,,
SKA-73676-005,29-10-20,36572-91896-PP,L-M-1,4,,,,,,,,
TKH-62197-239,30-07-20,25181-97933-UX,A-D-0.5,3,,,,,,,,
YXF-57218-272,15-03-19,55374-03175-IA,R-M-0.2,6,,,,,,,,
PKJ-30083-501,27-12-21,76948-43532-JS,E-D-0.5,2,,,,,,,,
WTT-91832-645,03-10-19,24344-88599-PP,A-M-1,3,,,,,,,,
TRZ-94735-865,05-02-19,54462-58311-YF,L-M-0.5,4,,,,,,,,
UDB-09651-780,31-08-20,90767-92589-LV,E-D-0.5,2,,,,,,,,
EHJ-82097-549,13-01-21,27517-43747-YD,R-D-0.2,2,,,,,,,,
ZFR-79447-696,22-03-21,77828-66867-KH,R-M-0.5,1,,,,,,,,
NUU-03893-975,17-01-20,41054-59693-XE,L-L-0.5,2,,,,,,,,
GVG-59542-307,02-07-19,26314-66792-VP,E-M-1,2,,,,,,,,
YLY-35287-172,23-05-22,69410-04668-MA,A-D-0.5,5,,,,,,,,
DCI-96254-548,14-06-22,94091-86957-HX,A-D-0.2,6,,,,,,,,
KHZ-26264-253,20-07-21,24972-55878-KX,L-L-0.2,6,,,,,,,,
AAQ-13644-699,03-06-22,46296-42617-OQ,R-D-1,4,,,,,,,,
LWL-68108-794,26-05-20,44494-89923-UW,A-D-0.5,3,,,,,,,,
JQT-14347-517,26-07-19,11621-09964-ID,R-D-1,1,,,,,,,,
BMM-86471-923,22-10-20,76319-80715-II,L-D-2.5,1,,,,,,,,
IXU-67272-326,24-12-20,91654-79216-IC,E-L-0.5,5,,,,,,,,
ITE-28312-615,06-09-19,56450-21890-HK,E-L-1,6,,,,,,,,
ZHQ-30471-635,08-04-19,40600-58915-WZ,L-M-0.5,5,,,,,,,,
LTP-31133-134,26-01-22,66527-94478-PB,A-L-0.5,3,,,,,,,,
ZVQ-26122-859,28-11-19,77154-45038-IH,A-L-2.5,6,,,,,,,,
MIU-01481-194,21-07-19,08439-55669-AI,R-M-1,6,,,,,,,,
MIU-01481-194,21-07-19,08439-55669-AI,A-L-0.5,2,,,,,,,,
UEA-72681-629,12-03-21,24972-55878-KX,A-L-2.5,3,,,,,,,,
CVE-15042-481,01-01-22,24972-55878-KX,R-L-1,2,,,,,,,,
EJA-79176-833,22-03-20,91509-62250-GN,R-M-2.5,6,,,,,,,,
AHQ-40440-522,18-09-20,83833-46106-ZC,A-D-1,1,,,,,,,,
TID-21626-411,03-01-19,19383-33606-PW,R-L-0.5,3,,,,,,,,
RSR-96390-187,29-09-21,67052-76184-CB,E-M-1,6,,,,,,,,
BZE-96093-118,19-10-21,43452-18035-DH,L-M-0.2,2,,,,,,,,
LOU-41819-242,14-07-22,88060-50676-MV,R-M-1,2,,,,,,,,
FND-99527-640,19-07-21,89574-96203-EP,E-L-0.5,2,,,,,,,,
ASG-27179-958,10-12-21,12607-75113-UV,A-M-0.5,3,,,,,,,,
YKX-23510-272,17-03-19,56991-05510-PR,A-L-2.5,2,,,,,,,,
FSA-98650-921,28-02-20,01841-48191-NL,L-L-0.5,2,,,,,,,,
ZUR-55774-294,03-06-20,33269-10023-CO,L-D-1,6,,,,,,,,
FUO-99821-974,22-02-20,31245-81098-PJ,E-M-1,3,,,,,,,,
YVH-19865-819,09-11-19,08946-56610-IH,L-L-2.5,4,,,,,,,,
NNF-47422-501,07-03-20,20260-32948-EB,E-L-0.2,6,,,,,,,,
RJI-71409-490,26-04-21,31613-41626-KX,L-M-0.5,5,,,,,,,,
UZL-46108-213,11-11-21,75961-20170-RD,L-L-1,2,,,,,,,,
AOX-44467-109,15-06-21,72524-06410-KD,A-D-2.5,1,,,,,,,,
TZD-67261-174,27-02-20,01841-48191-NL,E-D-2.5,1,,,,,,,,
TBU-64277-625,19-04-21,98918-34330-GY,E-M-1,6,,,,,,,,
TYP-85767-944,29-07-22,51497-50894-WU,R-M-2.5,2,,,,,,,,
GTT-73214-334,20-01-19,98636-90072-YE,A-L-1,6,,,,,,,,
WAI-89905-069,21-02-22,47011-57815-HJ,A-L-0.5,3,,,,,,,,
OJL-96844-459,03-05-20,61253-98356-VD,L-L-0.2,5,,,,,,,,
VGI-33205-360,21-03-19,96762-10814-DA,L-M-0.5,6,,,,,,,,
PCA-14081-576,13-06-19,63112-10870-LC,R-L-0.2,5,,,,,,,,
SCS-67069-962,05-06-20,21403-49423-PD,A-L-2.5,5,,,,,,,,
BDM-03174-485,16-03-19,29581-13303-VB,R-L-0.5,4,,,,,,,,
UJV-32333-364,03-12-21,86110-83695-YS,L-L-0.5,1,,,,,,,,
FLI-11493-954,09-07-22,80454-42225-FT,A-L-0.5,4,,,,,,,,
IWL-13117-537,29-04-20,29129-60664-KO,R-D-0.2,3,,,,,,,,
OAM-76916-748,27-01-22,63025-62939-AN,E-D-1,3,,,,,,,,
UMB-11223-710,13-02-21,49012-12987-QT,R-D-0.2,6,,,,,,,,
LXR-09892-726,13-07-20,50924-94200-SQ,R-D-2.5,2,,,,,,,,
QXX-89943-393,12-03-20,15673-18812-IU,R-D-0.2,4,,,,,,,,
WVS-57822-366,04-05-20,52151-75971-YY,E-M-2.5,4,,,,,,,,
CLJ-23403-689,03-04-21,19413-02045-CG,R-L-1,2,,,,,,,,
XNU-83276-288,01-06-22,98185-92775-KT,R-M-0.5,1,,,,,,,,
YOG-94666-679,14-02-21,86991-53901-AT,L-D-0.2,2,,,,,,,,
KHG-33953-115,13-12-21,78226-97287-JI,L-D-0.5,3,,,,,,,,
MHD-95615-696,07-02-20,27930-59250-JT,R-L-2.5,5,,,,,,,,
HBH-64794-080,08-02-21,40560-18556-YE,R-D-0.2,3,,,,,,,,
CNJ-56058-223,11-08-20,40780-22081-LX,L-L-0.5,3,,,,,,,,
KHO-27106-786,10-10-20,01603-43789-TN,A-M-1,6,,,,,,,,
KHO-27106-786,10-10-20,01603-43789-TN,L-D-2.5,6,,,,,,,,
YAC-50329-982,08-12-20,75419-92838-TI,E-M-2.5,1,,,,,,,,
VVL-95291-039,18-04-19,96516-97464-MF,E-L-0.2,2,,,,,,,,
VUT-20974-364,04-01-21,90285-56295-PO,R-M-0.5,6,,,,,,,,
SFC-34054-213,10-03-19,08100-71102-HQ,L-L-0.5,4,,,,,,,,
UDS-04807-593,29-11-19,84074-28110-OV,L-D-0.5,2,,,,,,,,
FWE-98471-488,19-07-22,27930-59250-JT,L-L-1,5,,,,,,,,
RAU-17060-674,26-06-20,12747-63766-EU,L-L-0.2,1,,,,,,,,
AOL-13866-711,14-02-19,83490-88357-LJ,E-M-1,4,,,,,,,,
NOA-79645-377,09-11-20,53729-30320-XZ,R-D-0.5,5,,,,,,,,
KMS-49214-806,30-04-19,50384-52703-LA,E-L-2.5,4,,,,,,,,
ABK-08091-531,30-10-20,53864-36201-FG,L-L-1,3,,,,,,,,
GPT-67705-953,12-11-19,70631-33225-MZ,A-M-0.2,5,,,,,,,,
JNA-21450-177,11-02-22,54798-14109-HC,A-D-1,3,,,,,,,,
MPQ-23421-608,28-03-21,08023-52962-ET,E-M-0.5,5,,,,,,,,
NLI-63891-565,10-12-21,41899-00283-VK,E-M-0.2,5,,,,,,,,
HHF-36647-854,05-11-21,39011-18412-GR,A-D-2.5,6,,,,,,,,
SBN-16537-046,29-02-20,60255-12579-PZ,A-D-0.2,1,,,,,,,,
XZD-44484-632,06-08-21,80541-38332-BP,E-M-1,2,,,,,,,,
XZD-44484-632,06-08-21,80541-38332-BP,A-D-0.2,2,,,,,,,,
IKQ-39946-768,19-03-21,72778-50968-UQ,R-M-1,6,,,,,,,,
KMB-95211-174,16-04-21,23941-30203-MO,R-D-2.5,4,,,,,,,,
QWY-99467-368,06-11-20,96434-50068-DZ,A-D-2.5,1,,,,,,,,
SRG-76791-614,15-03-21,11729-74102-XB,E-L-0.5,1,,,,,,,,
VSN-94485-621,17-10-21,88116-12604-TE,A-D-0.2,4,,,,,,,,
UFZ-24348-219,07-09-19,27930-59250-JT,L-M-2.5,3,,,,,,,,
UKS-93055-397,13-07-22,13082-41034-PD,A-D-2.5,5,,,,,,,,
AVH-56062-335,21-11-21,18082-74419-QH,E-M-0.5,5,,,,,,,,
HGE-19842-613,13-01-22,49401-45041-ZU,R-L-0.5,4,,,,,,,,
WBA-85905-175,13-07-22,41252-45992-VS,L-M-0.2,1,,,,,,,,
DZI-35365-596,02-11-21,54798-14109-HC,E-M-0.2,2,,,,,,,,
XIR-88982-743,10-07-21,00852-54571-WP,E-M-0.2,2,,,,,,,,
VUC-72395-865,07-10-21,13321-57602-GK,A-D-0.5,6,,,,,,,,
BQJ-44755-910,28-02-20,75006-89922-VW,E-D-2.5,6,,,,,,,,
JKC-64636-831,05-07-22,52098-80103-FD,A-M-2.5,2,,,,,,,,
ZKI-78561-066,21-09-21,60121-12432-VU,A-D-0.2,3,,,,,,,,
IMP-12563-728,03-01-19,68346-14810-UA,E-L-0.5,6,,,,,,,,
MZL-81126-390,08-03-22,48464-99723-HK,A-L-0.2,6,,,,,,,,
MZL-81126-390,08-03-22,48464-99723-HK,A-M-0.2,2,,,,,,,,
TVF-57766-608,10-03-20,88420-46464-XE,L-D-0.5,1,,,,,,,,
RUX-37995-892,27-11-21,37762-09530-MP,L-D-2.5,4,,,,,,,,
AVK-76526-953,04-03-21,47268-50127-XY,A-D-1,2,,,,,,,,
RIU-02231-623,16-11-21,25544-84179-QC,R-L-0.5,5,,,,,,,,
WFK-99317-827,16-06-19,32058-76765-ZL,L-D-2.5,3,,,,,,,,
SFD-00372-284,19-07-20,54798-14109-HC,L-M-0.2,2,,,,,,,,
SXC-62166-515,28-02-20,69171-65646-UC,R-L-2.5,5,,,,,,,,
YIE-87008-621,22-06-19,22503-52799-MI,L-M-0.5,4,,,,,,,,
HRM-94548-288,08-09-19,08934-65581-ZI,A-L-2.5,6,,,,,,,,
UJG-34731-295,26-05-22,15764-22559-ZT,A-M-2.5,1,,,,,,,,
TWD-70988-853,03-12-19,87519-68847-ZG,L-D-1,6,,,,,,,,
CIX-22904-641,17-09-19,78012-56878-UB,R-M-1,1,,,,,,,,
DLV-65840-759,31-05-22,77192-72145-RG,L-M-1,2,,,,,,,,
RXN-55491-201,21-10-19,86071-79238-CX,R-L-0.2,6,,,,,,,,
UHK-63283-868,24-04-22,16809-16936-WF,A-M-0.5,1,,,,,,,,
PJC-31401-893,13-01-21,11212-69985-ZJ,A-D-0.5,3,,,,,,,,
HHO-79903-185,19-08-22,53893-01719-CL,A-L-2.5,1,,,,,,,,
YWM-07310-594,02-03-19,66028-99867-WJ,E-M-0.5,5,,,,,,,,
FHD-94983-982,21-01-20,62839-56723-CH,R-M-0.5,3,,,,,,,,
WQK-10857-119,21-09-21,96849-52854-CR,E-D-0.5,1,,,,,,,,
DXA-50313-073,30-08-19,19755-55847-VW,E-L-1,2,,,,,,,,
ONW-00560-570,25-02-19,32900-82606-BO,A-M-1,2,,,,,,,,
BRJ-19414-277,17-09-19,16809-16936-WF,R-M-0.2,4,,,,,,,,
MIQ-16322-908,03-08-19,20118-28138-QD,A-L-1,2,,,,,,,,
MVO-39328-830,26-02-21,84057-45461-AH,L-M-0.5,5,,,,,,,,
MVO-39328-830,26-02-21,84057-45461-AH,A-L-0.5,6,,,,,,,,
NTJ-88319-746,03-08-21,90882-88130-KQ,L-L-0.5,3,,,,,,,,
LCY-24377-948,07-05-21,21617-79890-DD,R-L-2.5,1,,,,,,,,
FWD-85967-769,14-06-19,20256-54689-LO,E-D-0.2,3,,,,,,,,
KTO-53793-109,21-11-19,17572-27091-AA,R-L-0.2,2,,,,,,,,
OCK-89033-348,31-03-21,82300-88786-UE,A-L-0.2,6,,,,,,,,
GPZ-36017-366,01-07-19,65732-22589-OW,A-D-2.5,5,,,,,,,,
BZP-33213-637,05-05-20,77175-09826-SF,A-M-2.5,3,,,,,,,,
WFH-21507-708,20-04-20,07237-32539-NB,R-D-0.5,1,,,,,,,,
HST-96923-073,18-07-19,54722-76431-EX,R-D-2.5,6,,,,,,,,
ENN-79947-323,18-11-21,67847-82662-TE,L-M-0.5,2,,,,,,,,
BHA-47429-889,20-06-20,51114-51191-EW,E-L-0.2,3,,,,,,,,
SZY-63017-318,06-04-21,91809-58808-TV,A-L-0.2,2,,,,,,,,
LCU-93317-340,17-06-19,84996-26826-DK,R-D-0.2,1,,,,,,,,
UOM-71431-481,26-03-22,65732-22589-OW,R-D-2.5,1,,,,,,,,
PJH-42618-877,30-09-21,93676-95250-XJ,A-D-2.5,5,,,,,,,,
XED-90333-402,19-06-19,28300-14355-GF,E-M-0.2,5,,,,,,,,
IKK-62234-199,31-03-22,91190-84826-IQ,L-L-0.5,6,,,,,,,,
KAW-95195-329,04-07-20,34570-99384-AF,R-D-2.5,4,,,,,,,,
QDO-57268-842,21-11-21,57808-90533-UE,E-M-2.5,5,,,,,,,,
IIZ-24416-212,31-05-21,76060-30540-LB,R-D-0.5,6,,,,,,,,
AWP-11469-510,11-04-20,76730-63769-ND,E-D-1,2,,,,,,,,
KXA-27983-918,15-09-20,96042-27290-EQ,R-L-0.5,5,,,,,,,,
VKQ-39009-292,23-11-21,57808-90533-UE,L-M-1,5,,,,,,,,
PDB-98743-282,23-01-22,51940-02669-OR,L-L-1,3,,,,,,,,
SXW-34014-556,27-01-21,99144-98314-GN,R-L-0.2,1,,,,,,,,
QOJ-38788-727,24-06-19,16358-63919-CE,E-M-2.5,5,,,,,,,,
TGF-38649-658,15-03-20,67743-54817-UT,L-M-0.5,2,,,,,,,,
EAI-25194-209,24-09-21,44601-51441-BH,A-L-2.5,5,,,,,,,,
IJK-34441-720,05-04-19,97201-58870-WB,A-M-0.5,6,,,,,,,,
ZMC-00336-619,27-01-22,19849-12926-QF,A-M-0.5,4,,,,,,,,
UPX-54529-618,10-09-21,40535-56770-UM,L-D-1,3,,,,,,,,
DLX-01059-899,06-01-20,74940-09646-MU,R-L-1,5,,,,,,,,
MEK-85120-243,15-03-22,06623-54610-HC,R-L-0.2,3,,,,,,,,
NFI-37188-246,08-09-21,89490-75361-AF,A-D-2.5,4,,,,,,,,
BXH-62195-013,11-11-21,94526-79230-GZ,A-M-1,4,,,,,,,,
YLK-78851-470,18-09-19,58559-08254-UY,R-M-2.5,6,,,,,,,,
DXY-76225-633,29-07-21,88574-37083-WX,A-M-0.5,1,,,,,,,,
UHP-24614-199,20-03-22,67953-79896-AC,A-M-1,4,,,,,,,,
HBY-35655-049,04-05-20,69207-93422-CQ,E-D-2.5,3,,,,,,,,
DCE-22886-861,05-04-21,56060-17602-RG,E-D-0.2,1,,,,,,,,
QTG-93823-843,12-01-22,46859-14212-FI,A-M-0.5,1,,,,,,,,
QTG-93823-843,12-01-22,46859-14212-FI,E-D-0.5,3,,,,,,,,
WFT-16178-396,16-12-20,33555-01585-RP,R-D-0.2,5,,,,,,,,
ERC-54560-934,30-05-22,11932-85629-CU,R-D-2.5,6,,,,,,,,
RUK-78200-416,09-11-21,36192-07175-XC,L-D-0.2,2,,,,,,,,
KHK-13105-388,08-04-22,46242-54946-ZW,A-M-1,6,,,,,,,,
NJR-03699-189,08-10-19,95152-82155-VQ,E-D-2.5,1,,,,,,,,
PJV-20427-019,12-09-21,13404-39127-WQ,A-L-2.5,3,,,,,,,,
UGK-07613-982,28-07-22,57808-90533-UE,A-M-0.5,3,,,,,,,,
OLA-68289-577,30-06-20,40226-52317-IO,A-M-0.5,5,,,,,,,,
TNR-84447-052,09-01-19,34419-18068-AG,E-D-2.5,4,,,,,,,,
FBZ-64200-586,12-07-22,51738-61457-RS,E-M-2.5,2,,,,,,,,
OBN-66334-505,30-11-20,86757-52367-ON,E-L-0.2,2,,,,,,,,
NXM-89323-646,22-03-19,28158-93383-CK,E-D-1,1,,,,,,,,
NHI-23264-055,15-02-22,44799-09711-XW,A-D-0.5,4,,,,,,,,
EQH-53569-934,13-10-20,53667-91553-LT,E-M-1,4,,,,,,,,
XKK-06692-189,27-12-21,86579-92122-OC,R-D-1,3,,,,,,,,
BYP-16005-016,01-08-21,01474-63436-TP,R-M-2.5,5,,,,,,,,
LWS-13938-905,18-11-20,90533-82440-EE,A-M-2.5,6,,,,,,,,
OLH-95722-362,24-10-21,48553-69225-VX,L-D-0.5,3,,,,,,,,
OLH-95722-362,24-10-21,48553-69225-VX,R-M-2.5,4,,,,,,,,
KCW-50949-318,30-12-19,52374-27313-IV,E-L-1,5,,,,,,,,
JGZ-16947-591,02-02-21,14264-41252-SL,L-L-0.2,6,,,,,,,,
LXS-63326-144,16-05-21,35367-50483-AR,R-L-0.5,2,,,,,,,,
CZG-86544-655,23-04-22,69443-77665-QW,A-L-0.5,2,,,,,,,,
WFV-88138-247,25-09-21,63411-51758-QC,R-L-1,3,,,,,,,,
RFG-28227-288,07-06-22,68605-21835-UF,A-L-0.5,6,,,,,,,,
QAK-77286-758,11-08-20,34786-30419-XY,R-L-0.5,5,,,,,,,,
CZD-56716-840,28-02-19,15456-29250-RU,L-D-2.5,4,,,,,,,,
UBI-59229-277,11-09-19,00886-35803-FG,L-D-0.5,3,,,,,,,,
WJJ-37489-898,08-04-21,31599-82152-AD,A-M-1,1,,,,,,,,
ORX-57454-917,06-09-21,76209-39601-ZR,E-D-2.5,3,,,,,,,,
GRB-68838-629,10-09-21,15064-65241-HB,R-L-2.5,4,,,,,,,,
SHT-04865-419,22-05-22,69215-90789-DL,R-L-0.2,4,,,,,,,,
UQI-28177-865,18-09-20,04317-46176-TB,R-L-0.2,6,,,,,,,,
OIB-13664-879,31-08-21,04713-57765-KR,A-M-1,2,,,,,,,,
PJS-30996-485,21-01-22,86579-92122-OC,A-L-0.2,1,,,,,,,,
HEL-86709-449,10-06-22,86579-92122-OC,E-D-2.5,1,,,,,,,,
NCH-55389-562,27-04-19,86579-92122-OC,E-L-2.5,5,,,,,,,,
NCH-55389-562,27-04-19,86579-92122-OC,R-L-2.5,2,,,,,,,,
NCH-55389-562,27-04-19,86579-92122-OC,E-L-1,1,,,,,,,,
NCH-55389-562,27-04-19,86579-92122-OC,A-L-0.2,2,,,,,,,,
GUG-45603-775,06-02-22,40959-32642-DN,L-L-0.2,5,,,,,,,,
KJB-98240-098,30-01-22,77746-08153-PM,L-L-1,5,,,,,,,,
JMS-48374-462,23-11-20,49667-96708-JL,A-D-2.5,2,,,,,,,,
YIT-15877-117,13-04-22,24155-79322-EQ,R-D-1,1,,,,,,,,
YVK-82679-655,07-01-21,95342-88311-SF,R-M-0.5,4,,,,,,,,
TYH-81940-054,04-02-20,69374-08133-RI,E-L-0.2,5,,,,,,,,
HTY-30660-254,16-09-19,83844-95908-RX,R-M-1,3,,,,,,,,
GPW-43956-761,26-01-19,09667-09231-YM,E-L-0.5,6,,,,,,,,
DWY-56352-412,19-02-21,55427-08059-DF,R-D-0.2,1,,,,,,,,
PUH-55647-976,22-03-22,06624-54037-BQ,R-M-0.2,2,,,,,,,,
DTB-71371-705,03-07-19,48544-90737-AZ,L-D-1,1,,,,,,,,
ZDC-64769-740,21-09-19,79463-01597-FQ,E-M-0.5,1,,,,,,,,
TED-81959-419,26-08-19,27702-50024-XC,A-L-2.5,5,,,,,,,,
FDO-25756-141,03-08-21,57360-46846-NS,A-L-2.5,3,,,,,,,,
HKN-31467-517,24-10-21,84045-66771-SL,L-M-1,6,,,,,,,,
POF-29666-012,01-04-19,46885-00260-TL,R-D-0.5,1,,,,,,,,
IRX-59256-644,08-12-21,96446-62142-EN,A-D-0.2,3,,,,,,,,
LTN-89139-350,27-06-19,07756-71018-GU,R-L-2.5,5,,,,,,,,
TXF-79780-017,14-07-20,92048-47813-QB,R-L-1,5,,,,,,,,
ALM-80762-974,23-03-20,84045-66771-SL,A-L-0.5,3,,,,,,,,
NXF-15738-707,26-01-20,28699-16256-XV,R-D-0.5,2,,,,,,,,
MVV-19034-198,31-05-20,98476-63654-CG,E-D-2.5,6,,,,,,,,
KUX-19632-830,20-07-21,55409-07759-YG,E-D-0.2,6,,,,,,,,
SNZ-44595-152,12-08-22,06136-65250-PG,R-L-1,2,,,,,,,,
GQA-37241-629,01-01-20,08405-33165-BS,A-M-0.2,2,,,,,,,,
WVV-79948-067,18-01-21,66070-30559-WI,E-M-2.5,1,,,,,,,,
LHX-81117-166,31-12-21,01282-28364-RZ,R-L-1,4,,,,,,,,
GCD-75444-320,04-05-20,51277-93873-RP,L-M-2.5,1,,,,,,,,
SGA-30059-217,20-02-21,84405-83364-DG,A-D-0.5,5,,,,,,,,
GNL-98714-885,07-03-20,83731-53280-YC,R-M-1,3,,,,,,,,
OQA-93249-841,05-04-19,03917-13632-KC,A-M-2.5,6,,,,,,,,
DUV-12075-132,06-06-22,62494-09113-RP,E-D-0.2,5,,,,,,,,
DUV-12075-132,06-06-22,62494-09113-RP,L-D-0.5,2,,,,,,,,
KPO-24942-184,21-03-21,70567-65133-CN,L-L-2.5,3,,,,,,,,
SRJ-79353-838,19-12-21,77869-81373-AY,A-L-1,6,,,,,,,,
XBV-40336-071,17-02-21,38536-98293-JZ,A-D-0.2,3,,,,,,,,
RLM-96511-467,06-01-20,43014-53743-XK,R-L-2.5,1,,,,,,,,
AEZ-13242-456,04-05-22,62494-09113-RP,R-M-0.5,5,,,,,,,,
UME-75640-698,11-10-19,62494-09113-RP,A-M-0.5,4,,,,,,,,
GJC-66474-557,03-08-21,64965-78386-MY,A-D-1,1,,,,,,,,
IRV-20769-219,15-10-20,77131-58092-GE,E-M-0.2,3,,,,,,,,
